-- phpMyAdmin SQL Dump
-- version 5.2.1
-- https://www.phpmyadmin.net/
--
-- Host: 127.0.0.1
-- Generation Time: Dec 10, 2024 at 01:43 PM
-- Server version: 10.4.32-MariaDB
-- PHP Version: 8.2.12

SET SQL_MODE = "NO_AUTO_VALUE_ON_ZERO";
START TRANSACTION;
SET time_zone = "+00:00";


/*!40101 SET @OLD_CHARACTER_SET_CLIENT=@@CHARACTER_SET_CLIENT */;
/*!40101 SET @OLD_CHARACTER_SET_RESULTS=@@CHARACTER_SET_RESULTS */;
/*!40101 SET @OLD_COLLATION_CONNECTION=@@COLLATION_CONNECTION */;
/*!40101 SET NAMES utf8mb4 */;

--
-- Database: `pixtream`
--

-- --------------------------------------------------------

--
-- Table structure for table `admin`
--

CREATE TABLE `admin` (
  `id` bigint(20) NOT NULL,
  `username` varchar(191) DEFAULT NULL,
  `email` varchar(191) DEFAULT NULL,
  `password` varchar(255) DEFAULT NULL,
  `created_at` timestamp NOT NULL DEFAULT current_timestamp()
) ENGINE=InnoDB DEFAULT CHARSET=utf8mb4 COLLATE=utf8mb4_general_ci;

--
-- Dumping data for table `admin`
--

INSERT INTO `admin` (`id`, `username`, `email`, `password`, `created_at`) VALUES
(1, 'admin', 'admin@example.com', 'admin', '2024-10-31 07:37:06');

-- --------------------------------------------------------

--
-- Table structure for table `categories`
--

CREATE TABLE `categories` (
  `id` bigint(20) NOT NULL,
  `category_name` varchar(191) DEFAULT NULL
) ENGINE=InnoDB DEFAULT CHARSET=utf8mb4 COLLATE=utf8mb4_general_ci;

--
-- Dumping data for table `categories`
--

INSERT INTO `categories` (`id`, `category_name`) VALUES
(7, 'art & Design'),
(5, 'articles'),
(10, 'Food & Cooking'),
(6, 'memes'),
(4, 'music'),
(11, 'Others'),
(8, 'Photography'),
(1, 'photos'),
(3, 'stories'),
(9, 'Travel & Adventure'),
(2, 'videos');

-- --------------------------------------------------------

--
-- Table structure for table `comments`
--

CREATE TABLE `comments` (
  `id` bigint(20) NOT NULL,
  `user_id` bigint(20) DEFAULT NULL,
  `post_id` bigint(20) DEFAULT NULL,
  `comment` text DEFAULT NULL,
  `created_at` timestamp NOT NULL DEFAULT current_timestamp()
) ENGINE=InnoDB DEFAULT CHARSET=utf8mb4 COLLATE=utf8mb4_general_ci;

-- --------------------------------------------------------

--
-- Table structure for table `complaints`
--

CREATE TABLE `complaints` (
  `id` bigint(20) NOT NULL,
  `user_id` bigint(20) DEFAULT NULL,
  `complaint_text` text DEFAULT NULL,
  `created_at` timestamp NOT NULL DEFAULT current_timestamp()
) ENGINE=InnoDB DEFAULT CHARSET=utf8mb4 COLLATE=utf8mb4_general_ci;

--
-- Dumping data for table `complaints`
--

INSERT INTO `complaints` (`id`, `user_id`, `complaint_text`, `created_at`) VALUES
(3, 353, 'Technical Issue', '2024-12-10 10:46:05'),
(4, 353, 'UI problem', '2024-12-10 10:46:38');

-- --------------------------------------------------------

--
-- Table structure for table `follows`
--

CREATE TABLE `follows` (
  `id` bigint(20) NOT NULL,
  `follower_id` bigint(20) DEFAULT NULL,
  `followed_id` bigint(20) DEFAULT NULL,
  `created_at` timestamp NOT NULL DEFAULT current_timestamp()
) ENGINE=InnoDB DEFAULT CHARSET=utf8mb4 COLLATE=utf8mb4_general_ci;

--
-- Dumping data for table `follows`
--

INSERT INTO `follows` (`id`, `follower_id`, `followed_id`, `created_at`) VALUES
(49391, 297, 274, '2024-12-10 12:25:13'),
(49392, 312, 274, '2024-12-10 12:25:13'),
(49393, 323, 274, '2024-12-10 12:25:13'),
(49394, 325, 274, '2024-12-10 12:25:13'),
(49395, 343, 274, '2024-12-10 12:25:13'),
(49396, 346, 274, '2024-12-10 12:25:13'),
(49397, 328, 274, '2024-12-10 12:25:13'),
(49398, 335, 274, '2024-12-10 12:25:13'),
(49399, 264, 274, '2024-12-10 12:25:13'),
(49400, 277, 274, '2024-12-10 12:25:13'),
(49401, 314, 274, '2024-12-10 12:25:13'),
(49402, 302, 274, '2024-12-10 12:25:13'),
(49403, 320, 274, '2024-12-10 12:25:13'),
(49404, 331, 274, '2024-12-10 12:25:13'),
(49405, 315, 274, '2024-12-10 12:25:13'),
(49406, 344, 274, '2024-12-10 12:25:13'),
(49407, 261, 274, '2024-12-10 12:25:13'),
(49408, 288, 274, '2024-12-10 12:25:13'),
(49409, 268, 274, '2024-12-10 12:25:13'),
(49410, 276, 274, '2024-12-10 12:25:13'),
(49411, 347, 274, '2024-12-10 12:25:13'),
(49412, 329, 274, '2024-12-10 12:25:13'),
(49413, 318, 274, '2024-12-10 12:25:13'),
(49414, 258, 274, '2024-12-10 12:25:13'),
(49415, 324, 274, '2024-12-10 12:25:13'),
(49416, 338, 274, '2024-12-10 12:25:13'),
(49417, 311, 274, '2024-12-10 12:25:13'),
(49418, 286, 274, '2024-12-10 12:25:13'),
(49419, 275, 274, '2024-12-10 12:25:13'),
(49420, 334, 274, '2024-12-10 12:25:13'),
(49421, 260, 274, '2024-12-10 12:25:13'),
(49422, 284, 274, '2024-12-10 12:25:13'),
(49423, 283, 274, '2024-12-10 12:25:13'),
(49424, 321, 274, '2024-12-10 12:25:13'),
(49425, 299, 274, '2024-12-10 12:25:13'),
(49426, 269, 274, '2024-12-10 12:25:13'),
(49427, 336, 274, '2024-12-10 12:25:13'),
(49428, 332, 274, '2024-12-10 12:25:13'),
(49429, 285, 274, '2024-12-10 12:25:13'),
(49430, 341, 274, '2024-12-10 12:25:13'),
(49431, 313, 274, '2024-12-10 12:25:13'),
(49432, 348, 274, '2024-12-10 12:25:13'),
(49433, 287, 274, '2024-12-10 12:25:13'),
(49434, 301, 274, '2024-12-10 12:25:13'),
(49435, 272, 274, '2024-12-10 12:25:13'),
(49436, 326, 274, '2024-12-10 12:25:13'),
(49437, 349, 274, '2024-12-10 12:25:13'),
(49438, 310, 274, '2024-12-10 12:25:13'),
(49439, 342, 274, '2024-12-10 12:25:13'),
(49440, 306, 274, '2024-12-10 12:25:13'),
(49441, 339, 274, '2024-12-10 12:25:13'),
(49442, 280, 274, '2024-12-10 12:25:13'),
(49443, 259, 274, '2024-12-10 12:25:13'),
(49444, 327, 274, '2024-12-10 12:25:13'),
(49445, 262, 274, '2024-12-10 12:25:13'),
(49446, 345, 274, '2024-12-10 12:25:13'),
(49447, 317, 274, '2024-12-10 12:25:13'),
(49448, 337, 274, '2024-12-10 12:25:13'),
(49449, 271, 274, '2024-12-10 12:25:13'),
(49450, 290, 274, '2024-12-10 12:25:13'),
(49451, 282, 274, '2024-12-10 12:25:13'),
(49452, 304, 274, '2024-12-10 12:25:13'),
(49453, 319, 274, '2024-12-10 12:25:13'),
(49454, 265, 274, '2024-12-10 12:25:13'),
(49455, 291, 274, '2024-12-10 12:25:13'),
(49456, 330, 274, '2024-12-10 12:25:13'),
(49457, 316, 274, '2024-12-10 12:25:13'),
(49458, 292, 274, '2024-12-10 12:25:13'),
(49459, 305, 274, '2024-12-10 12:25:13'),
(49460, 279, 274, '2024-12-10 12:25:13'),
(49461, 303, 274, '2024-12-10 12:25:13'),
(49462, 289, 274, '2024-12-10 12:25:13'),
(49463, 333, 274, '2024-12-10 12:25:13'),
(49464, 308, 274, '2024-12-10 12:25:13'),
(49465, 267, 274, '2024-12-10 12:25:13'),
(49466, 266, 274, '2024-12-10 12:25:13'),
(49467, 295, 274, '2024-12-10 12:25:13'),
(49468, 353, 274, '2024-12-10 12:25:13'),
(49469, 278, 274, '2024-12-10 12:25:13'),
(49470, 300, 274, '2024-12-10 12:25:13'),
(49471, 350, 274, '2024-12-10 12:25:13'),
(49472, 270, 274, '2024-12-10 12:25:13'),
(49473, 340, 274, '2024-12-10 12:25:13'),
(49474, 307, 274, '2024-12-10 12:25:13'),
(49475, 296, 274, '2024-12-10 12:25:13'),
(49476, 273, 274, '2024-12-10 12:25:13'),
(49477, 298, 274, '2024-12-10 12:25:13'),
(49478, 294, 274, '2024-12-10 12:25:13'),
(49479, 309, 274, '2024-12-10 12:25:13'),
(49480, 293, 274, '2024-12-10 12:25:13'),
(49481, 281, 274, '2024-12-10 12:25:13'),
(49482, 322, 274, '2024-12-10 12:25:13'),
(49483, 263, 274, '2024-12-10 12:25:13'),
(49484, 274, 297, '2024-12-10 12:25:13'),
(49485, 312, 297, '2024-12-10 12:25:13'),
(49486, 323, 297, '2024-12-10 12:25:13'),
(49487, 325, 297, '2024-12-10 12:25:13'),
(49488, 343, 297, '2024-12-10 12:25:13'),
(49489, 346, 297, '2024-12-10 12:25:13'),
(49490, 328, 297, '2024-12-10 12:25:13'),
(49518, 274, 312, '2024-12-10 12:25:13'),
(49519, 274, 323, '2024-12-10 12:25:13'),
(49520, 274, 325, '2024-12-10 12:25:13'),
(49521, 274, 343, '2024-12-10 12:25:13'),
(49522, 274, 346, '2024-12-10 12:25:13'),
(49523, 274, 328, '2024-12-10 12:25:13'),
(49524, 274, 335, '2024-12-10 12:25:13'),
(49525, 274, 264, '2024-12-10 12:25:13'),
(49526, 274, 277, '2024-12-10 12:25:13'),
(49527, 274, 314, '2024-12-10 12:25:13'),
(49528, 274, 302, '2024-12-10 12:25:13'),
(49529, 274, 320, '2024-12-10 12:25:13'),
(49530, 274, 331, '2024-12-10 12:25:13'),
(49531, 274, 315, '2024-12-10 12:25:13'),
(49532, 274, 344, '2024-12-10 12:25:13'),
(49533, 274, 261, '2024-12-10 12:25:13'),
(49534, 274, 288, '2024-12-10 12:25:13'),
(49535, 274, 268, '2024-12-10 12:25:13'),
(49536, 274, 276, '2024-12-10 12:25:13'),
(49537, 274, 347, '2024-12-10 12:25:13'),
(49538, 274, 329, '2024-12-10 12:25:13'),
(49539, 274, 318, '2024-12-10 12:25:13'),
(49540, 274, 258, '2024-12-10 12:25:13'),
(49541, 274, 324, '2024-12-10 12:25:13'),
(49542, 274, 338, '2024-12-10 12:25:13'),
(49543, 274, 311, '2024-12-10 12:25:13'),
(49544, 274, 286, '2024-12-10 12:25:13'),
(49545, 274, 275, '2024-12-10 12:25:13'),
(49546, 274, 334, '2024-12-10 12:25:13'),
(49547, 274, 260, '2024-12-10 12:25:13'),
(49548, 274, 284, '2024-12-10 12:25:13'),
(49549, 274, 283, '2024-12-10 12:25:13'),
(49550, 274, 321, '2024-12-10 12:25:13'),
(49551, 274, 299, '2024-12-10 12:25:13'),
(49552, 274, 269, '2024-12-10 12:25:13'),
(49553, 274, 336, '2024-12-10 12:25:13'),
(49554, 274, 332, '2024-12-10 12:25:13'),
(49555, 274, 285, '2024-12-10 12:25:13'),
(49556, 274, 341, '2024-12-10 12:25:13'),
(49557, 274, 313, '2024-12-10 12:25:13'),
(49558, 274, 348, '2024-12-10 12:25:13'),
(49559, 274, 287, '2024-12-10 12:25:13'),
(49560, 274, 301, '2024-12-10 12:25:13'),
(49561, 274, 272, '2024-12-10 12:25:13'),
(49562, 274, 326, '2024-12-10 12:25:13'),
(49563, 274, 349, '2024-12-10 12:25:13'),
(49564, 274, 310, '2024-12-10 12:25:13'),
(49565, 274, 342, '2024-12-10 12:25:13'),
(49566, 274, 306, '2024-12-10 12:25:13'),
(49567, 274, 339, '2024-12-10 12:25:13'),
(49568, 274, 280, '2024-12-10 12:25:13'),
(49569, 274, 259, '2024-12-10 12:25:13'),
(49570, 274, 327, '2024-12-10 12:25:13'),
(49571, 274, 262, '2024-12-10 12:25:13'),
(49572, 274, 345, '2024-12-10 12:25:13'),
(49573, 274, 317, '2024-12-10 12:25:13'),
(49574, 274, 337, '2024-12-10 12:25:13'),
(49575, 274, 271, '2024-12-10 12:25:13'),
(49576, 274, 290, '2024-12-10 12:25:13'),
(49577, 274, 282, '2024-12-10 12:25:13'),
(49578, 274, 304, '2024-12-10 12:25:13'),
(49579, 274, 319, '2024-12-10 12:25:13'),
(49580, 274, 265, '2024-12-10 12:25:13'),
(49581, 274, 291, '2024-12-10 12:25:13'),
(49582, 274, 330, '2024-12-10 12:25:13'),
(49583, 274, 316, '2024-12-10 12:25:13'),
(49584, 274, 292, '2024-12-10 12:25:13'),
(49585, 274, 305, '2024-12-10 12:25:13'),
(49586, 274, 279, '2024-12-10 12:25:13'),
(49587, 274, 303, '2024-12-10 12:25:13'),
(49588, 274, 289, '2024-12-10 12:25:13'),
(49589, 274, 333, '2024-12-10 12:25:13'),
(49590, 274, 308, '2024-12-10 12:25:13'),
(49591, 274, 267, '2024-12-10 12:25:13'),
(49592, 274, 266, '2024-12-10 12:25:13'),
(49593, 274, 295, '2024-12-10 12:25:13'),
(49594, 274, 353, '2024-12-10 12:25:13'),
(49595, 274, 278, '2024-12-10 12:25:13'),
(49596, 274, 300, '2024-12-10 12:25:13'),
(49597, 274, 350, '2024-12-10 12:25:13'),
(49598, 274, 270, '2024-12-10 12:25:13'),
(49599, 274, 340, '2024-12-10 12:25:13'),
(49600, 274, 307, '2024-12-10 12:25:13'),
(49601, 274, 296, '2024-12-10 12:25:13'),
(49602, 274, 273, '2024-12-10 12:25:13'),
(49603, 274, 298, '2024-12-10 12:25:13'),
(49604, 274, 294, '2024-12-10 12:25:13'),
(49605, 274, 309, '2024-12-10 12:25:13'),
(49606, 274, 293, '2024-12-10 12:25:13'),
(49607, 274, 281, '2024-12-10 12:25:13'),
(49608, 274, 322, '2024-12-10 12:25:13'),
(49609, 274, 263, '2024-12-10 12:25:13'),
(49610, 297, 312, '2024-12-10 12:25:13'),
(49611, 297, 323, '2024-12-10 12:25:13'),
(49612, 297, 325, '2024-12-10 12:25:13'),
(49613, 297, 343, '2024-12-10 12:25:13'),
(49614, 297, 346, '2024-12-10 12:25:13'),
(49615, 297, 328, '2024-12-10 12:25:13'),
(49616, 297, 335, '2024-12-10 12:25:13'),
(49617, 297, 264, '2024-12-10 12:25:13'),
(49645, 297, 277, '2024-12-10 12:26:23'),
(49646, 297, 314, '2024-12-10 12:26:23'),
(49647, 297, 302, '2024-12-10 12:26:23'),
(49648, 297, 320, '2024-12-10 12:26:23'),
(49649, 297, 331, '2024-12-10 12:26:23'),
(49650, 297, 315, '2024-12-10 12:26:23'),
(49651, 297, 344, '2024-12-10 12:26:23'),
(49652, 297, 261, '2024-12-10 12:26:23'),
(49653, 297, 288, '2024-12-10 12:26:23'),
(49654, 297, 268, '2024-12-10 12:26:23'),
(49655, 297, 276, '2024-12-10 12:26:23'),
(49656, 297, 347, '2024-12-10 12:26:23'),
(49657, 297, 329, '2024-12-10 12:26:23'),
(49658, 297, 318, '2024-12-10 12:26:23'),
(49659, 297, 258, '2024-12-10 12:26:23'),
(49660, 297, 324, '2024-12-10 12:26:23'),
(49661, 297, 338, '2024-12-10 12:26:23'),
(49662, 297, 311, '2024-12-10 12:26:23'),
(49663, 297, 286, '2024-12-10 12:26:23'),
(49664, 297, 275, '2024-12-10 12:26:23'),
(49665, 297, 334, '2024-12-10 12:26:23'),
(49666, 297, 260, '2024-12-10 12:26:23'),
(49667, 297, 284, '2024-12-10 12:26:23'),
(49668, 297, 283, '2024-12-10 12:26:23'),
(49669, 297, 321, '2024-12-10 12:26:23'),
(49670, 297, 299, '2024-12-10 12:26:23'),
(49671, 297, 269, '2024-12-10 12:26:23'),
(49672, 297, 336, '2024-12-10 12:26:23'),
(49673, 297, 332, '2024-12-10 12:26:23'),
(49674, 297, 285, '2024-12-10 12:26:23'),
(49675, 297, 341, '2024-12-10 12:26:23'),
(49676, 297, 313, '2024-12-10 12:26:23'),
(49677, 297, 348, '2024-12-10 12:26:23'),
(49678, 297, 287, '2024-12-10 12:26:23'),
(49679, 297, 301, '2024-12-10 12:26:23'),
(49680, 297, 272, '2024-12-10 12:26:23'),
(49681, 297, 326, '2024-12-10 12:26:23'),
(49682, 297, 349, '2024-12-10 12:26:23'),
(49683, 297, 310, '2024-12-10 12:26:23'),
(49684, 297, 342, '2024-12-10 12:26:23'),
(49685, 297, 306, '2024-12-10 12:26:23'),
(49686, 297, 339, '2024-12-10 12:26:23'),
(49687, 297, 280, '2024-12-10 12:26:23'),
(49688, 297, 259, '2024-12-10 12:26:23'),
(49689, 297, 327, '2024-12-10 12:26:23'),
(49690, 297, 262, '2024-12-10 12:26:23'),
(49691, 297, 345, '2024-12-10 12:26:23'),
(49692, 297, 317, '2024-12-10 12:26:23'),
(49693, 297, 337, '2024-12-10 12:26:23'),
(49694, 297, 271, '2024-12-10 12:26:23'),
(49695, 297, 290, '2024-12-10 12:26:23'),
(49696, 297, 282, '2024-12-10 12:26:23'),
(49697, 297, 304, '2024-12-10 12:26:23'),
(49698, 297, 319, '2024-12-10 12:26:23'),
(49699, 297, 265, '2024-12-10 12:26:23'),
(49700, 297, 291, '2024-12-10 12:26:23'),
(49701, 297, 330, '2024-12-10 12:26:23'),
(49702, 297, 316, '2024-12-10 12:26:23'),
(49703, 297, 292, '2024-12-10 12:26:23'),
(49704, 297, 305, '2024-12-10 12:26:23'),
(49705, 297, 279, '2024-12-10 12:26:23'),
(49706, 297, 303, '2024-12-10 12:26:23'),
(49707, 297, 289, '2024-12-10 12:26:23'),
(49708, 297, 333, '2024-12-10 12:26:23'),
(49709, 297, 308, '2024-12-10 12:26:23'),
(49710, 297, 267, '2024-12-10 12:26:23'),
(49711, 297, 266, '2024-12-10 12:26:23'),
(49712, 297, 295, '2024-12-10 12:26:23'),
(49713, 297, 353, '2024-12-10 12:26:23'),
(49714, 297, 278, '2024-12-10 12:26:23'),
(49715, 297, 300, '2024-12-10 12:26:23'),
(49716, 297, 350, '2024-12-10 12:26:23'),
(49717, 297, 270, '2024-12-10 12:26:23'),
(49718, 297, 340, '2024-12-10 12:26:23'),
(49719, 297, 307, '2024-12-10 12:26:23'),
(49720, 297, 296, '2024-12-10 12:26:23'),
(49721, 297, 273, '2024-12-10 12:26:23'),
(49722, 297, 298, '2024-12-10 12:26:23'),
(49723, 297, 294, '2024-12-10 12:26:23'),
(49724, 297, 309, '2024-12-10 12:26:23'),
(49725, 297, 293, '2024-12-10 12:26:23'),
(49726, 297, 281, '2024-12-10 12:26:23'),
(49727, 297, 322, '2024-12-10 12:26:23'),
(49728, 297, 263, '2024-12-10 12:26:23'),
(49729, 312, 323, '2024-12-10 12:26:23'),
(49730, 312, 325, '2024-12-10 12:26:23'),
(49731, 312, 343, '2024-12-10 12:26:23'),
(49732, 312, 346, '2024-12-10 12:26:23'),
(49733, 312, 328, '2024-12-10 12:26:23'),
(49734, 312, 335, '2024-12-10 12:26:23'),
(49735, 312, 264, '2024-12-10 12:26:23'),
(49736, 312, 277, '2024-12-10 12:26:23'),
(49737, 312, 314, '2024-12-10 12:26:23'),
(49738, 312, 302, '2024-12-10 12:26:23'),
(49739, 312, 320, '2024-12-10 12:26:23'),
(49740, 312, 331, '2024-12-10 12:26:23'),
(49741, 312, 315, '2024-12-10 12:26:23'),
(49742, 312, 344, '2024-12-10 12:26:23'),
(49743, 312, 261, '2024-12-10 12:26:23'),
(49744, 312, 288, '2024-12-10 12:26:23'),
(49772, 335, 297, '2024-12-10 12:26:23'),
(49773, 264, 297, '2024-12-10 12:26:23'),
(49774, 277, 297, '2024-12-10 12:26:23'),
(49775, 314, 297, '2024-12-10 12:26:23'),
(49776, 302, 297, '2024-12-10 12:26:23'),
(49777, 320, 297, '2024-12-10 12:26:23'),
(49778, 331, 297, '2024-12-10 12:26:23'),
(49779, 315, 297, '2024-12-10 12:26:23'),
(49780, 344, 297, '2024-12-10 12:26:23'),
(49781, 261, 297, '2024-12-10 12:26:23'),
(49782, 288, 297, '2024-12-10 12:26:23'),
(49783, 268, 297, '2024-12-10 12:26:23'),
(49784, 276, 297, '2024-12-10 12:26:23'),
(49785, 347, 297, '2024-12-10 12:26:23'),
(49786, 329, 297, '2024-12-10 12:26:23'),
(49787, 318, 297, '2024-12-10 12:26:23'),
(49788, 258, 297, '2024-12-10 12:26:23'),
(49789, 324, 297, '2024-12-10 12:26:23'),
(49790, 338, 297, '2024-12-10 12:26:23'),
(49791, 311, 297, '2024-12-10 12:26:23'),
(49792, 286, 297, '2024-12-10 12:26:23'),
(49793, 275, 297, '2024-12-10 12:26:23'),
(49794, 334, 297, '2024-12-10 12:26:23'),
(49795, 260, 297, '2024-12-10 12:26:23'),
(49796, 284, 297, '2024-12-10 12:26:23'),
(49797, 283, 297, '2024-12-10 12:26:23'),
(49798, 321, 297, '2024-12-10 12:26:23'),
(49799, 299, 297, '2024-12-10 12:26:23'),
(49800, 269, 297, '2024-12-10 12:26:23'),
(49801, 336, 297, '2024-12-10 12:26:23'),
(49802, 332, 297, '2024-12-10 12:26:23'),
(49803, 285, 297, '2024-12-10 12:26:23'),
(49804, 341, 297, '2024-12-10 12:26:23'),
(49805, 313, 297, '2024-12-10 12:26:23'),
(49806, 348, 297, '2024-12-10 12:26:23'),
(49807, 287, 297, '2024-12-10 12:26:23'),
(49808, 301, 297, '2024-12-10 12:26:23'),
(49809, 272, 297, '2024-12-10 12:26:23'),
(49810, 326, 297, '2024-12-10 12:26:23'),
(49811, 349, 297, '2024-12-10 12:26:23'),
(49812, 310, 297, '2024-12-10 12:26:23'),
(49813, 342, 297, '2024-12-10 12:26:23'),
(49814, 306, 297, '2024-12-10 12:26:23'),
(49815, 339, 297, '2024-12-10 12:26:23'),
(49816, 280, 297, '2024-12-10 12:26:23'),
(49817, 259, 297, '2024-12-10 12:26:23'),
(49818, 327, 297, '2024-12-10 12:26:23'),
(49819, 262, 297, '2024-12-10 12:26:23'),
(49820, 345, 297, '2024-12-10 12:26:23'),
(49821, 317, 297, '2024-12-10 12:26:23'),
(49822, 337, 297, '2024-12-10 12:26:23'),
(49823, 271, 297, '2024-12-10 12:26:23'),
(49824, 290, 297, '2024-12-10 12:26:23'),
(49825, 282, 297, '2024-12-10 12:26:23'),
(49826, 304, 297, '2024-12-10 12:26:23'),
(49827, 319, 297, '2024-12-10 12:26:23'),
(49828, 265, 297, '2024-12-10 12:26:23'),
(49829, 291, 297, '2024-12-10 12:26:23'),
(49830, 330, 297, '2024-12-10 12:26:23'),
(49831, 316, 297, '2024-12-10 12:26:23'),
(49832, 292, 297, '2024-12-10 12:26:23'),
(49833, 305, 297, '2024-12-10 12:26:23'),
(49834, 279, 297, '2024-12-10 12:26:23'),
(49835, 303, 297, '2024-12-10 12:26:23'),
(49836, 289, 297, '2024-12-10 12:26:23'),
(49837, 333, 297, '2024-12-10 12:26:23'),
(49838, 308, 297, '2024-12-10 12:26:23'),
(49839, 267, 297, '2024-12-10 12:26:23'),
(49840, 266, 297, '2024-12-10 12:26:23'),
(49841, 295, 297, '2024-12-10 12:26:23'),
(49842, 353, 297, '2024-12-10 12:26:23'),
(49843, 278, 297, '2024-12-10 12:26:23'),
(49844, 300, 297, '2024-12-10 12:26:23'),
(49845, 350, 297, '2024-12-10 12:26:23'),
(49846, 270, 297, '2024-12-10 12:26:23'),
(49847, 340, 297, '2024-12-10 12:26:23'),
(49848, 307, 297, '2024-12-10 12:26:23'),
(49849, 296, 297, '2024-12-10 12:26:23'),
(49850, 273, 297, '2024-12-10 12:26:23'),
(49851, 298, 297, '2024-12-10 12:26:23'),
(49852, 294, 297, '2024-12-10 12:26:23'),
(49853, 309, 297, '2024-12-10 12:26:23'),
(49854, 293, 297, '2024-12-10 12:26:23'),
(49855, 281, 297, '2024-12-10 12:26:23'),
(49856, 322, 297, '2024-12-10 12:26:23'),
(49857, 263, 297, '2024-12-10 12:26:23'),
(49858, 323, 312, '2024-12-10 12:26:23'),
(49859, 325, 312, '2024-12-10 12:26:23'),
(49860, 343, 312, '2024-12-10 12:26:23'),
(49861, 346, 312, '2024-12-10 12:26:23'),
(49862, 328, 312, '2024-12-10 12:26:23'),
(49863, 335, 312, '2024-12-10 12:26:23'),
(49864, 264, 312, '2024-12-10 12:26:23'),
(49865, 277, 312, '2024-12-10 12:26:23'),
(49866, 314, 312, '2024-12-10 12:26:23'),
(49867, 302, 312, '2024-12-10 12:26:23'),
(49868, 320, 312, '2024-12-10 12:26:23'),
(49869, 331, 312, '2024-12-10 12:26:23'),
(49870, 315, 312, '2024-12-10 12:26:23'),
(49871, 344, 312, '2024-12-10 12:26:23'),
(49899, 340, 285, '2024-12-10 12:29:03'),
(49900, 279, 268, '2024-12-10 12:29:03'),
(49901, 277, 261, '2024-12-10 12:29:03'),
(49902, 295, 292, '2024-12-10 12:29:03'),
(49903, 305, 328, '2024-12-10 12:29:03'),
(49904, 281, 311, '2024-12-10 12:29:03'),
(49905, 273, 341, '2024-12-10 12:29:03'),
(49906, 295, 286, '2024-12-10 12:29:03'),
(49907, 330, 276, '2024-12-10 12:29:03'),
(49908, 276, 289, '2024-12-10 12:29:03'),
(49909, 271, 289, '2024-12-10 12:29:03'),
(49910, 298, 324, '2024-12-10 12:29:03'),
(49911, 339, 303, '2024-12-10 12:29:03'),
(49912, 311, 291, '2024-12-10 12:29:03'),
(49913, 353, 268, '2024-12-10 12:29:03'),
(49914, 326, 292, '2024-12-10 12:29:03'),
(49915, 296, 277, '2024-12-10 12:29:03'),
(49916, 348, 328, '2024-12-10 12:29:03'),
(49917, 308, 311, '2024-12-10 12:29:03'),
(49918, 300, 264, '2024-12-10 12:29:03'),
(49919, 265, 279, '2024-12-10 12:29:03'),
(49920, 347, 308, '2024-12-10 12:29:03'),
(49921, 296, 342, '2024-12-10 12:29:03'),
(49922, 343, 273, '2024-12-10 12:29:03'),
(49923, 271, 326, '2024-12-10 12:29:03'),
(49924, 258, 283, '2024-12-10 12:29:03'),
(49925, 272, 328, '2024-12-10 12:29:03'),
(49926, 282, 307, '2024-12-10 12:29:03'),
(49927, 353, 261, '2024-12-10 12:29:03'),
(49928, 353, 345, '2024-12-10 12:29:03'),
(49929, 341, 339, '2024-12-10 12:29:03'),
(49930, 324, 344, '2024-12-10 12:29:03'),
(49931, 344, 322, '2024-12-10 12:29:03'),
(49932, 353, 272, '2024-12-10 12:29:03'),
(49933, 269, 344, '2024-12-10 12:29:03'),
(49934, 305, 276, '2024-12-10 12:29:03'),
(49935, 339, 345, '2024-12-10 12:29:03'),
(49936, 298, 291, '2024-12-10 12:29:03'),
(49937, 282, 267, '2024-12-10 12:29:03'),
(49938, 271, 283, '2024-12-10 12:29:03'),
(49939, 265, 326, '2024-12-10 12:29:03'),
(49940, 315, 271, '2024-12-10 12:29:03'),
(49941, 328, 262, '2024-12-10 12:29:03'),
(49942, 272, 300, '2024-12-10 12:29:03'),
(49943, 315, 298, '2024-12-10 12:29:03'),
(49944, 298, 317, '2024-12-10 12:29:03'),
(49945, 311, 340, '2024-12-10 12:29:03'),
(49946, 283, 326, '2024-12-10 12:29:03'),
(49947, 301, 337, '2024-12-10 12:29:03'),
(49948, 282, 270, '2024-12-10 12:29:03'),
(49949, 260, 343, '2024-12-10 12:29:03'),
(49950, 292, 284, '2024-12-10 12:29:03'),
(49951, 289, 296, '2024-12-10 12:29:03'),
(49952, 267, 283, '2024-12-10 12:29:03'),
(49953, 327, 313, '2024-12-10 12:29:03'),
(49954, 261, 345, '2024-12-10 12:29:03'),
(49955, 286, 337, '2024-12-10 12:29:03'),
(49956, 265, 315, '2024-12-10 12:29:03'),
(49957, 264, 267, '2024-12-10 12:29:03'),
(49958, 267, 328, '2024-12-10 12:29:03'),
(49959, 308, 264, '2024-12-10 12:29:03'),
(49960, 313, 329, '2024-12-10 12:29:03'),
(49961, 332, 284, '2024-12-10 12:29:03'),
(49962, 280, 308, '2024-12-10 12:29:03'),
(49963, 296, 304, '2024-12-10 12:29:03'),
(49964, 298, 285, '2024-12-10 12:29:03'),
(49965, 325, 341, '2024-12-10 12:29:03'),
(49966, 324, 277, '2024-12-10 12:29:03'),
(49967, 312, 276, '2024-12-10 12:29:03'),
(49968, 344, 329, '2024-12-10 12:29:03'),
(49969, 269, 265, '2024-12-10 12:29:03'),
(49970, 344, 289, '2024-12-10 12:29:03'),
(49971, 289, 298, '2024-12-10 12:29:03'),
(49972, 341, 272, '2024-12-10 12:29:03'),
(49973, 259, 343, '2024-12-10 12:29:03'),
(49974, 342, 264, '2024-12-10 12:29:03'),
(49975, 327, 331, '2024-12-10 12:29:03'),
(49976, 347, 309, '2024-12-10 12:29:03'),
(49977, 266, 345, '2024-12-10 12:29:03'),
(49978, 325, 299, '2024-12-10 12:29:03'),
(49979, 271, 304, '2024-12-10 12:29:03'),
(49980, 344, 346, '2024-12-10 12:29:03'),
(49981, 326, 283, '2024-12-10 12:29:03'),
(49982, 332, 326, '2024-12-10 12:29:03'),
(49983, 271, 262, '2024-12-10 12:29:03'),
(49984, 340, 315, '2024-12-10 12:29:03'),
(49985, 285, 282, '2024-12-10 12:29:03'),
(49986, 323, 276, '2024-12-10 12:29:03'),
(49987, 332, 311, '2024-12-10 12:29:03'),
(49988, 291, 285, '2024-12-10 12:29:03'),
(49989, 286, 263, '2024-12-10 12:29:03'),
(49990, 266, 350, '2024-12-10 12:29:03'),
(49991, 271, 314, '2024-12-10 12:29:03'),
(49992, 323, 320, '2024-12-10 12:29:03'),
(49993, 282, 337, '2024-12-10 12:29:03'),
(49994, 315, 264, '2024-12-10 12:29:03'),
(49995, 291, 314, '2024-12-10 12:29:03'),
(49996, 336, 322, '2024-12-10 12:29:03'),
(49997, 319, 349, '2024-12-10 12:29:03'),
(49998, 261, 333, '2024-12-10 12:29:03'),
(49999, 294, 344, '2024-12-10 12:29:03'),
(50000, 268, 282, '2024-12-10 12:29:03'),
(50001, 344, 334, '2024-12-10 12:29:03'),
(50002, 325, 345, '2024-12-10 12:29:03'),
(50003, 290, 263, '2024-12-10 12:29:03'),
(50004, 273, 263, '2024-12-10 12:29:03'),
(50005, 262, 315, '2024-12-10 12:29:03'),
(50006, 259, 269, '2024-12-10 12:29:03'),
(50007, 313, 276, '2024-12-10 12:29:03'),
(50008, 285, 271, '2024-12-10 12:29:03'),
(50009, 330, 289, '2024-12-10 12:29:03'),
(50010, 322, 268, '2024-12-10 12:29:03'),
(50011, 346, 309, '2024-12-10 12:29:03'),
(50012, 302, 315, '2024-12-10 12:29:03'),
(50013, 311, 268, '2024-12-10 12:29:03');

-- --------------------------------------------------------

--
-- Table structure for table `likes`
--

CREATE TABLE `likes` (
  `id` bigint(20) NOT NULL,
  `user_id` bigint(20) DEFAULT NULL,
  `post_id` bigint(20) DEFAULT NULL,
  `created_at` timestamp NOT NULL DEFAULT current_timestamp()
) ENGINE=InnoDB DEFAULT CHARSET=utf8mb4 COLLATE=utf8mb4_general_ci;

-- --------------------------------------------------------

--
-- Table structure for table `messages`
--

CREATE TABLE `messages` (
  `id` bigint(20) NOT NULL,
  `sender_id` bigint(20) DEFAULT NULL,
  `receiver_id` bigint(20) DEFAULT NULL,
  `message` text DEFAULT NULL,
  `created_at` timestamp NOT NULL DEFAULT current_timestamp()
) ENGINE=InnoDB DEFAULT CHARSET=utf8mb4 COLLATE=utf8mb4_general_ci;

-- --------------------------------------------------------

--
-- Table structure for table `options`
--

CREATE TABLE `options` (
  `id` bigint(20) NOT NULL,
  `category_id` bigint(20) DEFAULT NULL,
  `option_name` varchar(191) DEFAULT NULL
) ENGINE=InnoDB DEFAULT CHARSET=utf8mb4 COLLATE=utf8mb4_general_ci;

--
-- Dumping data for table `options`
--

INSERT INTO `options` (`id`, `category_id`, `option_name`) VALUES
(1, 1, 'Portraits'),
(2, 1, 'Landscapes'),
(3, 1, 'Wildlife'),
(4, 1, 'Street Photography'),
(5, 2, 'Documentaries'),
(6, 2, 'Short Films'),
(7, 2, 'Vlogs'),
(8, 2, 'Tutorials'),
(9, 3, 'Travel Stories'),
(10, 3, 'Personal Journeys'),
(11, 3, 'Historical Narratives'),
(12, 4, 'Instrumental'),
(13, 4, 'Cover Songs'),
(14, 4, 'Original Compositions'),
(15, 5, 'Technology'),
(16, 5, 'Lifestyle'),
(17, 5, 'Health & Wellness'),
(18, 6, 'Relatable Memes'),
(19, 6, 'Dark Humor'),
(20, 6, 'Wholesome Memes'),
(21, 7, 'Digital Art'),
(22, 7, 'Sketching'),
(23, 7, 'Painting'),
(24, 8, 'Nature'),
(25, 8, 'Urban Photography'),
(26, 8, 'Abstract'),
(27, 9, 'Backpacking'),
(28, 9, 'Road Trips'),
(29, 9, 'Nature Exploration'),
(30, 10, 'Recipes'),
(31, 10, 'Food Reviews'),
(32, 10, 'Culinary Tips'),
(33, 11, 'Miscellaneous'),
(34, 11, 'Random Thoughts');

-- --------------------------------------------------------

--
-- Table structure for table `posts`
--

CREATE TABLE `posts` (
  `id` bigint(20) NOT NULL,
  `user_id` bigint(20) DEFAULT NULL,
  `post_path` varchar(255) DEFAULT NULL,
  `caption` longtext DEFAULT NULL,
  `category` enum('Photos','Videos','Stories','Music','Articles','Memes','Art & Design','Photography','Travel & Adventure','Food & Cooking','Others') DEFAULT NULL,
  `created_at` timestamp NOT NULL DEFAULT current_timestamp()
) ENGINE=InnoDB DEFAULT CHARSET=utf8mb4 COLLATE=utf8mb4_general_ci;

--
-- Dumping data for table `posts`
--

INSERT INTO `posts` (`id`, `user_id`, `post_path`, `caption`, `category`, `created_at`) VALUES
(268, 258, 'post_uploads/natureimage.png', 'Nature💚', 'Photos', '2024-12-10 11:51:23'),
(269, 259, 'post_uploads/cityimage.png', 'City🏙️', 'Travel & Adventure', '2024-12-10 11:51:23'),
(270, 260, 'post_uploads/natureimage.png', 'Nature💚', 'Photography', '2024-12-10 11:51:23'),
(271, 261, 'post_uploads/cityimage.png', 'City🏙️', 'Others', '2024-12-10 11:51:23'),
(272, 262, 'post_uploads/natureimage.png', 'Nature💚', 'Stories', '2024-12-10 11:51:23'),
(273, 263, 'post_uploads/cityimage.png', 'City🏙️', 'Photos', '2024-12-10 11:51:23'),
(274, 264, 'post_uploads/natureimage.png', 'Nature💚', 'Photography', '2024-12-10 11:51:23'),
(275, 265, 'post_uploads/cityimage.png', 'City🏙️', 'Travel & Adventure', '2024-12-10 11:51:23'),
(276, 266, 'post_uploads/natureimage.png', 'Nature💚', 'Others', '2024-12-10 11:51:23'),
(277, 267, 'post_uploads/cityimage.png', 'City🏙️', 'Stories', '2024-12-10 11:51:23'),
(278, 268, 'post_uploads/natureimage.png', 'Nature💚', 'Photos', '2024-12-10 11:51:23'),
(279, 269, 'post_uploads/cityimage.png', 'City🏙️', 'Travel & Adventure', '2024-12-10 11:51:23'),
(280, 270, 'post_uploads/natureimage.png', 'Nature💚', 'Photography', '2024-12-10 11:51:23'),
(281, 271, 'post_uploads/cityimage.png', 'City🏙️', 'Others', '2024-12-10 11:51:23'),
(282, 272, 'post_uploads/natureimage.png', 'Nature💚', 'Stories', '2024-12-10 11:51:23'),
(283, 273, 'post_uploads/cityimage.png', 'City🏙️', 'Photos', '2024-12-10 11:51:23'),
(284, 274, 'post_uploads/natureimage.png', 'Nature💚', 'Photography', '2024-12-10 11:51:23'),
(285, 275, 'post_uploads/cityimage.png', 'City🏙️', 'Travel & Adventure', '2024-12-10 11:51:23'),
(286, 276, 'post_uploads/natureimage.png', 'Nature💚', 'Others', '2024-12-10 11:51:23'),
(287, 277, 'post_uploads/cityimage.png', 'City🏙️', 'Stories', '2024-12-10 11:51:23'),
(288, 278, 'post_uploads/natureimage.png', 'Nature💚', 'Photos', '2024-12-10 11:51:23'),
(289, 279, 'post_uploads/cityimage.png', 'City🏙️', 'Travel & Adventure', '2024-12-10 11:51:23'),
(290, 280, 'post_uploads/natureimage.png', 'Nature💚', 'Photography', '2024-12-10 11:51:23'),
(291, 281, 'post_uploads/cityimage.png', 'City🏙️', 'Others', '2024-12-10 11:51:23'),
(292, 282, 'post_uploads/natureimage.png', 'Nature💚', 'Stories', '2024-12-10 11:51:23'),
(293, 283, 'post_uploads/cityimage.png', 'City🏙️', 'Photos', '2024-12-10 11:51:23'),
(294, 284, 'post_uploads/natureimage.png', 'Nature💚', 'Photography', '2024-12-10 11:51:23'),
(295, 285, 'post_uploads/cityimage.png', 'City🏙️', 'Travel & Adventure', '2024-12-10 11:51:23'),
(296, 286, 'post_uploads/natureimage.png', 'Nature💚', 'Others', '2024-12-10 11:51:23'),
(297, 287, 'post_uploads/cityimage.png', 'City🏙️', 'Stories', '2024-12-10 11:51:23'),
(298, 288, 'post_uploads/natureimage.png', 'Nature💚', 'Photos', '2024-12-10 11:51:23'),
(299, 289, 'post_uploads/cityimage.png', 'City🏙️', 'Travel & Adventure', '2024-12-10 11:51:23'),
(300, 290, 'post_uploads/natureimage.png', 'Nature💚', 'Photography', '2024-12-10 11:51:23'),
(301, 291, 'post_uploads/cityimage.png', 'City🏙️', 'Others', '2024-12-10 11:51:23'),
(302, 292, 'post_uploads/natureimage.png', 'Nature💚', 'Stories', '2024-12-10 11:51:23'),
(303, 293, 'post_uploads/cityimage.png', 'City🏙️', 'Photos', '2024-12-10 11:51:23'),
(304, 294, 'post_uploads/natureimage.png', 'Nature💚', 'Photography', '2024-12-10 11:51:23'),
(305, 295, 'post_uploads/cityimage.png', 'City🏙️', 'Travel & Adventure', '2024-12-10 11:51:23'),
(306, 296, 'post_uploads/natureimage.png', 'Nature💚', 'Others', '2024-12-10 11:51:23'),
(307, 297, 'post_uploads/cityimage.png', 'City🏙️', 'Stories', '2024-12-10 11:51:23'),
(308, 298, 'post_uploads/natureimage.png', 'Nature💚', 'Photos', '2024-12-10 11:51:23'),
(309, 299, 'post_uploads/cityimage.png', 'City🏙️', 'Travel & Adventure', '2024-12-10 11:51:23'),
(310, 300, 'post_uploads/natureimage.png', 'Nature💚', 'Photography', '2024-12-10 11:51:23'),
(311, 301, 'post_uploads/cityimage.png', 'City🏙️', 'Others', '2024-12-10 11:51:23'),
(312, 302, 'post_uploads/natureimage.png', 'Nature💚', 'Stories', '2024-12-10 11:51:23'),
(313, 303, 'post_uploads/cityimage.png', 'City🏙️', 'Photos', '2024-12-10 11:51:23'),
(314, 304, 'post_uploads/natureimage.png', 'Nature💚', 'Photography', '2024-12-10 11:51:23'),
(315, 305, 'post_uploads/cityimage.png', 'City🏙️', 'Travel & Adventure', '2024-12-10 11:51:23'),
(316, 306, 'post_uploads/natureimage.png', 'Nature💚', 'Others', '2024-12-10 11:51:23'),
(317, 307, 'post_uploads/cityimage.png', 'City🏙️', 'Stories', '2024-12-10 11:51:23'),
(318, 308, 'post_uploads/natureimage.png', 'Nature💚', 'Photos', '2024-12-10 11:51:23'),
(319, 309, 'post_uploads/cityimage.png', 'City🏙️', 'Travel & Adventure', '2024-12-10 11:51:23'),
(320, 310, 'post_uploads/natureimage.png', 'Nature💚', 'Photography', '2024-12-10 11:51:23'),
(321, 311, 'post_uploads/cityimage.png', 'City🏙️', 'Others', '2024-12-10 11:51:23'),
(322, 312, 'post_uploads/natureimage.png', 'Nature💚', 'Stories', '2024-12-10 11:51:23'),
(323, 313, 'post_uploads/cityimage.png', 'City🏙️', 'Photos', '2024-12-10 11:51:23'),
(324, 314, 'post_uploads/natureimage.png', 'Nature💚', 'Photography', '2024-12-10 11:51:23'),
(325, 315, 'post_uploads/cityimage.png', 'City🏙️', 'Travel & Adventure', '2024-12-10 11:51:23'),
(326, 316, 'post_uploads/natureimage.png', 'Nature💚', 'Others', '2024-12-10 11:51:23'),
(327, 317, 'post_uploads/cityimage.png', 'City🏙️', 'Stories', '2024-12-10 11:51:23'),
(328, 318, 'post_uploads/natureimage.png', 'Nature💚', 'Photos', '2024-12-10 11:51:23'),
(329, 319, 'post_uploads/cityimage.png', 'City🏙️', 'Travel & Adventure', '2024-12-10 11:51:23'),
(330, 320, 'post_uploads/natureimage.png', 'Nature💚', 'Photography', '2024-12-10 11:51:23'),
(331, 321, 'post_uploads/cityimage.png', 'City🏙️', 'Others', '2024-12-10 11:51:23'),
(332, 322, 'post_uploads/natureimage.png', 'Nature💚', 'Stories', '2024-12-10 11:51:23'),
(333, 323, 'post_uploads/cityimage.png', 'City🏙️', 'Photos', '2024-12-10 11:51:23'),
(334, 324, 'post_uploads/natureimage.png', 'Nature💚', 'Photography', '2024-12-10 11:51:23'),
(335, 325, 'post_uploads/cityimage.png', 'City🏙️', 'Travel & Adventure', '2024-12-10 11:51:23'),
(336, 326, 'post_uploads/natureimage.png', 'Nature💚', 'Others', '2024-12-10 11:51:23'),
(337, 327, 'post_uploads/cityimage.png', 'City🏙️', 'Stories', '2024-12-10 11:51:23'),
(338, 328, 'post_uploads/natureimage.png', 'Nature💚', 'Photos', '2024-12-10 11:51:23'),
(339, 329, 'post_uploads/cityimage.png', 'City🏙️', 'Travel & Adventure', '2024-12-10 11:51:23'),
(340, 330, 'post_uploads/natureimage.png', 'Nature💚', 'Photography', '2024-12-10 11:51:23'),
(341, 331, 'post_uploads/cityimage.png', 'City🏙️', 'Others', '2024-12-10 11:51:23'),
(342, 332, 'post_uploads/natureimage.png', 'Nature💚', 'Stories', '2024-12-10 11:51:23'),
(343, 333, 'post_uploads/cityimage.png', 'City🏙️', 'Photos', '2024-12-10 11:51:23'),
(344, 334, 'post_uploads/natureimage.png', 'Nature💚', 'Photography', '2024-12-10 11:51:23'),
(345, 335, 'post_uploads/cityimage.png', 'City🏙️', 'Travel & Adventure', '2024-12-10 11:51:23'),
(346, 336, 'post_uploads/natureimage.png', 'Nature💚', 'Others', '2024-12-10 11:51:23'),
(347, 337, 'post_uploads/cityimage.png', 'City🏙️', 'Stories', '2024-12-10 11:51:23'),
(348, 338, 'post_uploads/natureimage.png', 'Nature💚', 'Photos', '2024-12-10 11:51:23'),
(349, 339, 'post_uploads/cityimage.png', 'City🏙️', 'Travel & Adventure', '2024-12-10 11:51:23'),
(350, 340, 'post_uploads/natureimage.png', 'Nature💚', 'Photography', '2024-12-10 11:51:23'),
(351, 341, 'post_uploads/cityimage.png', 'City🏙️', 'Others', '2024-12-10 11:51:23'),
(352, 342, 'post_uploads/natureimage.png', 'Nature💚', 'Stories', '2024-12-10 11:51:23'),
(353, 343, 'post_uploads/cityimage.png', 'City🏙️', 'Photos', '2024-12-10 11:51:23'),
(354, 344, 'post_uploads/natureimage.png', 'Nature💚', 'Photography', '2024-12-10 11:51:23'),
(355, 345, 'post_uploads/cityimage.png', 'City🏙️', 'Travel & Adventure', '2024-12-10 11:51:23'),
(356, 346, 'post_uploads/natureimage.png', 'Nature💚', 'Others', '2024-12-10 11:51:23'),
(357, 347, 'post_uploads/cityimage.png', 'City🏙️', 'Stories', '2024-12-10 11:51:23'),
(358, 348, 'post_uploads/natureimage.png', 'Nature💚', 'Photos', '2024-12-10 11:51:23'),
(359, 349, 'post_uploads/cityimage.png', 'City🏙️', 'Travel & Adventure', '2024-12-10 11:51:23'),
(360, 350, 'post_uploads/natureimage.png', 'Nature💚', 'Photography', '2024-12-10 11:51:23'),
(361, 353, 'post_uploads/cityimage.png', 'City🏙️', 'Others', '2024-12-10 11:51:23');

-- --------------------------------------------------------

--
-- Table structure for table `reports`
--

CREATE TABLE `reports` (
  `id` bigint(20) NOT NULL,
  `reported_by` bigint(20) DEFAULT NULL,
  `reported_user` bigint(20) DEFAULT NULL,
  `approval` tinyint(1) DEFAULT 0,
  `created_at` timestamp NOT NULL DEFAULT current_timestamp()
) ENGINE=InnoDB DEFAULT CHARSET=utf8mb4 COLLATE=utf8mb4_general_ci;

-- --------------------------------------------------------

--
-- Table structure for table `saved_posts`
--

CREATE TABLE `saved_posts` (
  `id` bigint(20) NOT NULL,
  `user_id` bigint(20) DEFAULT NULL,
  `post_id` bigint(20) DEFAULT NULL,
  `created_at` timestamp NOT NULL DEFAULT current_timestamp()
) ENGINE=InnoDB DEFAULT CHARSET=utf8mb4 COLLATE=utf8mb4_general_ci;

-- --------------------------------------------------------

--
-- Table structure for table `shares`
--

CREATE TABLE `shares` (
  `id` bigint(20) NOT NULL,
  `from_user_id` bigint(20) DEFAULT NULL,
  `to_user_id` bigint(20) DEFAULT NULL,
  `post_id` bigint(20) DEFAULT NULL,
  `created_at` timestamp NOT NULL DEFAULT current_timestamp()
) ENGINE=InnoDB DEFAULT CHARSET=utf8mb4 COLLATE=utf8mb4_general_ci;

-- --------------------------------------------------------

--
-- Table structure for table `users`
--

CREATE TABLE `users` (
  `id` bigint(20) NOT NULL,
  `name` varchar(100) DEFAULT NULL,
  `username` varchar(191) DEFAULT NULL,
  `email` varchar(191) DEFAULT NULL,
  `password` varchar(255) DEFAULT NULL,
  `bio` text DEFAULT NULL,
  `profile_picture` varchar(255) DEFAULT 'default.png',
  `location` varchar(255) DEFAULT NULL,
  `created_at` timestamp NOT NULL DEFAULT current_timestamp()
) ENGINE=InnoDB DEFAULT CHARSET=utf8mb4 COLLATE=utf8mb4_general_ci;

--
-- Dumping data for table `users`
--

INSERT INTO `users` (`id`, `name`, `username`, `email`, `password`, `bio`, `profile_picture`, `location`, `created_at`) VALUES
(258, 'Ella King', 'ella_king', 'ella.king@example.com', 'dddd', 'Travel enthusiast and writer', 'default.png', 'San Francisco, USA', '2024-12-07 06:51:38'),
(259, 'Lily Roberts', 'lily_roberts', 'lily.roberts@example.com', 'dddd', 'Book lover and aspiring author', 'default.png', 'New York, USA', '2024-12-07 06:51:38'),
(260, 'Ethan Walker', 'ethan_walker', 'ethan.walker@example.com', 'dddd', 'Guitarist and music lover', 'default.png', 'Toronto, Canada', '2024-12-07 06:51:38'),
(261, 'Chloe Adams', 'chloe_adams', 'chloe.adams@example.com', 'dddd', 'Art student and painter', 'default.png', 'London, UK', '2024-12-07 06:51:38'),
(262, 'Lucas Harris', 'lucas_harris', 'lucas.harris@example.com', 'dddd', 'Fitness enthusiast and gym lover', 'default.png', 'Los Angeles, USA', '2024-12-07 06:51:38'),
(263, 'Zoe Lee', 'zoe_lee', 'zoe.lee@example.com', 'dddd', 'Blogger and food critic', 'default.png', 'Paris, France', '2024-12-07 06:51:38'),
(264, 'Benjamin Clark', 'benjamin_clark', 'benjamin.clark@example.com', 'dddd', 'Music lover and aspiring DJ', 'default.png', 'Berlin, Germany', '2024-12-07 06:51:38'),
(265, 'Maya Wilson', 'maya_wilson', 'maya.wilson@example.com', 'dddd', 'Tech lover and software developer', 'default.png', 'San Francisco, USA', '2024-12-07 06:51:38'),
(266, 'Ryan Harris', 'ryan_harris', 'ryan.harris@example.com', 'dddd', 'Cyclist and adventure seeker', 'default.png', 'Toronto, Canada', '2024-12-07 06:51:38'),
(267, 'Olivia Miller', 'olivia_miller', 'olivia.miller@example.com', 'dddd', 'Photographer and travel enthusiast', 'default.png', 'Vancouver, Canada', '2024-12-07 06:51:38'),
(268, 'David Adams', 'david_adams', 'david.adams@example.com', 'dddd', 'Football player and coach', 'default.png', 'Miami, USA', '2024-12-07 06:51:38'),
(269, 'Harper Scott', 'harper_scott', 'harper.scott@example.com', 'dddd', 'Video game streamer and esports lover', 'default.png', 'Los Angeles, USA', '2024-12-07 06:51:38'),
(270, 'Sophia Evans', 'sophia_evans', 'sophia.evans@example.com', 'dddd', 'Dance lover and choreographer', 'default.png', 'Berlin, Germany', '2024-12-07 06:51:38'),
(271, 'Luke Harris', 'luke_harris', 'luke.harris@example.com', 'dddd', 'Environmental activist and hiker', 'default.png', 'Toronto, Canada', '2024-12-07 06:51:38'),
(272, 'Jack Brown', 'jack_brown', 'jack.brown@example.com', 'dddd', 'Photographer and tech enthusiast', 'default.png', 'Sydney, Australia', '2024-12-07 06:51:38'),
(273, 'Victoria Harris', 'victoria_harris', 'victoria.harris@example.com', 'dddd', 'Culinary artist and food lover', 'default.png', 'New York, USA', '2024-12-07 06:51:38'),
(274, 'Aiden Miller', 'aiden_miller', 'aiden.miller@example.com', 'dddd', 'Fitness coach and nutritionist', 'default.png', 'Miami, USA', '2024-12-07 06:51:38'),
(275, 'Emma Scott', 'emma_scott', 'emma.scott@example.com', 'dddd', 'Art curator and fashion lover', 'default.png', 'Paris, France', '2024-12-07 06:51:38'),
(276, 'David Lee', 'david_lee', 'david.lee@example.com', 'dddd', 'Digital marketing expert and entrepreneur', 'default.png', 'London, UK', '2024-12-07 06:51:38'),
(277, 'Benjamin Moore', 'benjamin_moore', 'benjamin.moore@example.com', 'dddd', 'Science enthusiast and tech lover', 'default.png', 'Toronto, Canada', '2024-12-07 06:51:38'),
(278, 'Samantha Scott', 'samantha_scott', 'samantha.scott@example.com', 'dddd', 'Yoga instructor and health coach', 'default.png', 'San Francisco, USA', '2024-12-07 06:51:38'),
(279, 'Oliver King', 'oliver_king', 'oliver.king@example.com', 'dddd', 'Social media expert and digital marketer', 'default.png', 'New York, USA', '2024-12-07 06:51:38'),
(280, 'Lily Miller', 'lily_miller', 'lily.miller@example.com', 'dddd', 'Blogger and photography enthusiast', 'default.png', 'Los Angeles, USA', '2024-12-07 06:51:38'),
(281, 'Zoe Garcia', 'zoe_garcia', 'zoe.garcia@example.com', 'dddd', 'Fashion designer and artist', 'default.png', 'Chicago, USA', '2024-12-07 06:51:38'),
(282, 'Mason Clark', 'mason_clark', 'mason.clark@example.com', 'dddd', 'Tech entrepreneur and innovator', 'default.png', 'Berlin, Germany', '2024-12-07 06:51:38'),
(283, 'Grace Moore', 'grace_moore', 'grace.moore@example.com', 'dddd', 'Chef and culinary enthusiast', 'default.png', 'Sydney, Australia', '2024-12-07 06:51:38'),
(284, 'Ethan Wilson', 'ethan_wilson', 'ethan.wilson@example.com', 'dddd', 'Outdoor enthusiast and photographer', 'default.png', 'Seattle, USA', '2024-12-07 06:51:38'),
(285, 'Isaac Scott', 'isaac_scott', 'isaac.scott@example.com', 'dddd', 'Digital creator and gamer', 'default.png', 'Toronto, Canada', '2024-12-07 06:51:38'),
(286, 'Emma King', 'emma_king', 'emma.king@example.com', 'dddd', 'Traveler and history buff', 'default.png', 'Paris, France', '2024-12-07 06:51:38'),
(287, 'Jackson Brown', 'jackson_brown', 'jackson.brown@example.com', 'dddd', 'Football coach and player', 'default.png', 'Vancouver, Canada', '2024-12-07 06:51:38'),
(288, 'Chloe Wilson', 'chloe_wilson', 'chloe.wilson@example.com', 'dddd', 'Yoga teacher and fitness enthusiast', 'default.png', 'London, UK', '2024-12-07 06:51:38'),
(289, 'Olivia Brown', 'olivia_brown', 'olivia.brown@example.com', 'dddd', 'Photographer and writer', 'default.png', 'Los Angeles, USA', '2024-12-07 06:51:38'),
(290, 'Luke Lee', 'luke_lee', 'luke.lee@example.com', 'dddd', 'Cyclist and environmental advocate', 'default.png', 'Berlin, Germany', '2024-12-07 06:51:38'),
(291, 'Megan Brown', 'megan_brown', 'megan.brown@example.com', 'dddd', 'Blogger and travel expert', 'default.png', 'San Francisco, USA', '2024-12-07 06:51:38'),
(292, 'Nathaniel Clark', 'nathaniel_clark', 'nathaniel.clark@example.com', 'dddd', 'Food enthusiast and chef', 'default.png', 'Rome, Italy', '2024-12-07 06:51:38'),
(293, 'Zara Harris', 'zara_harris', 'zara.harris@example.com', 'dddd', 'Writer and photographer', 'default.png', 'Chicago, USA', '2024-12-07 06:51:38'),
(294, 'William Lee', 'william_lee', 'william.lee@example.com', 'dddd', 'Entrepreneur and tech innovator', 'default.png', 'London, UK', '2024-12-07 06:51:38'),
(295, 'Ryan King', 'ryan_king', 'ryan.king@example.com', 'dddd', 'Music lover and guitarist', 'default.png', 'Toronto, Canada', '2024-12-07 06:51:38'),
(296, 'Sophie Harris', 'sophie_harris', 'sophie.harris@example.com', 'dddd', 'Fitness trainer and health coach', 'default.png', 'San Francisco, USA', '2024-12-07 06:51:38'),
(297, 'Aiden Walker', 'aiden_walker', 'aiden.walker@example.com', 'dddd', 'Photographer and digital artist', 'default.png', 'New York, USA', '2024-12-07 06:51:38'),
(298, 'Victoria King', 'victoria_king', 'victoria.king@example.com', 'dddd', 'Painter and art enthusiast', 'default.png', 'Los Angeles, USA', '2024-12-07 06:51:38'),
(299, 'Harper Miller', 'harper_miller', 'harper.miller@example.com', 'dddd', 'Gamer and video game developer', 'default.png', 'Toronto, Canada', '2024-12-07 06:51:38'),
(300, 'Sophia Brown', 'sophia_brown', 'sophia.brown@example.com', 'dddd', 'Writer and poet', 'default.png', 'Paris, France', '2024-12-07 06:51:38'),
(301, 'Jackson Davis', 'jackson_davis', 'jackson.davis@example.com', 'dddd', 'Tech lover and engineer', 'default.png', 'Chicago, USA', '2024-12-07 06:51:38'),
(302, 'Benjamin Walker', 'benjamin_walker', 'benjamin.walker@example.com', 'dddd', 'Chef and food stylist', 'default.png', 'San Francisco, USA', '2024-12-07 06:51:38'),
(303, 'Olivia Adams', 'olivia_adams', 'olivia.adams@example.com', 'dddd', 'Traveler and culture enthusiast', 'default.png', 'Berlin, Germany', '2024-12-07 06:51:38'),
(304, 'Mason Lee', 'mason_lee', 'mason.lee@example.com', 'dddd', 'Football player and coach', 'default.png', 'London, UK', '2024-12-07 06:51:38'),
(305, 'Noah Carter', 'noah_carter', 'noah.carter@example.com', 'dddd', 'Entrepreneur and tech innovator', 'default.png', 'New York, USA', '2024-12-07 06:51:38'),
(306, 'Liam Martinez', 'liam_martinez', 'liam.martinez@example.com', 'dddd', 'Travel photographer and food lover', 'default.png', 'Los Angeles, USA', '2024-12-07 06:51:38'),
(307, 'Sophia Johnson', 'sophia_johnson', 'sophia.johnson@example.com', 'dddd', 'Fitness trainer and wellness coach', 'default.png', 'Chicago, USA', '2024-12-07 06:51:38'),
(308, 'Olivia Lewis', 'olivia_lewis', 'olivia.lewis@example.com', 'dddd', 'Fashion designer and stylist', 'default.png', 'San Francisco, USA', '2024-12-07 06:51:38'),
(309, 'William Scott', 'william_scott', 'william.scott@example.com', 'dddd', 'Musician and songwriter', 'default.png', 'Austin, USA', '2024-12-07 06:51:38'),
(310, 'James Walker', 'james_walker', 'james.walker@example.com', 'dddd', 'Digital marketer and entrepreneur', 'default.png', 'London, UK', '2024-12-07 06:51:38'),
(311, 'Emma Davis', 'emma_davis', 'emma.davis@example.com', 'dddd', 'Artist and gallery curator', 'default.png', 'Paris, France', '2024-12-07 06:51:38'),
(312, 'Alexander Hall', 'alexander_hall', 'alexander.hall@example.com', 'dddd', 'Adventure enthusiast and nature lover', 'default.png', 'Sydney, Australia', '2024-12-07 06:51:38'),
(313, 'Isabella Moore', 'isabella_moore', 'isabella.moore@example.com', 'dddd', 'Writer and bookworm', 'default.png', 'Vancouver, Canada', '2024-12-07 06:51:38'),
(314, 'Benjamin Thomas', 'benjamin_thomas', 'benjamin.thomas@example.com', 'dddd', 'Tech geek and software developer', 'default.png', 'Berlin, Germany', '2024-12-07 06:51:38'),
(315, 'Charlotte White', 'charlotte_white', 'charlotte.white@example.com', 'dddd', 'Travel blogger and photographer', 'default.png', 'Rome, Italy', '2024-12-07 06:51:38'),
(316, 'Mia Young', 'mia_young', 'mia.young@example.com', 'dddd', 'Yoga instructor and fitness enthusiast', 'default.png', 'Los Angeles, USA', '2024-12-07 06:51:38'),
(317, 'Lucas Taylor', 'lucas_taylor', 'lucas.taylor@example.com', 'dddd', 'Sports coach and athlete', 'default.png', 'Chicago, USA', '2024-12-07 06:51:38'),
(318, 'Ella Adams', 'ella_adams', 'ella.adams@example.com', 'dddd', 'Food critic and recipe creator', 'default.png', 'Austin, USA', '2024-12-07 06:51:38'),
(319, 'Mason Wilson', 'mason_wilson', 'mason.wilson@example.com', 'dddd', 'Musician and guitar enthusiast', 'default.png', 'San Francisco, USA', '2024-12-07 06:51:38'),
(320, 'Charlotte King', 'charlotte_king', 'charlotte.king@example.com', 'dddd', 'Digital artist and designer', 'default.png', 'London, UK', '2024-12-07 06:51:38'),
(321, 'Harper Allen', 'harper_allen', 'harper.allen@example.com', 'dddd', 'Nature photographer and adventurer', 'default.png', 'Berlin, Germany', '2024-12-07 06:51:38'),
(322, 'Zoe Hill', 'zoe_hill', 'zoe.hill@example.com', 'dddd', 'Fashion influencer and blogger', 'default.png', 'Paris, France', '2024-12-07 06:51:38'),
(323, 'Alexander Wright', 'alexander_wright', 'alexander.wright@example.com', 'dddd', 'Tech entrepreneur and innovator', 'default.png', 'New York, USA', '2024-12-07 06:51:38'),
(324, 'Ella Rodriguez', 'ella_rodriguez', 'ella.rodriguez@example.com', 'dddd', 'Creative writer and storyteller', 'default.png', 'Vancouver, Canada', '2024-12-07 06:51:38'),
(325, 'Amelia Carter', 'amelia_carter', 'amelia.carter@example.com', 'dddd', 'Fitness coach and health enthusiast', 'default.png', 'Los Angeles, USA', '2024-12-07 06:51:38'),
(326, 'Jack Martinez', 'jack_martinez', 'jack.martinez@example.com', 'dddd', 'Photographer and travel explorer', 'default.png', 'San Francisco, USA', '2024-12-07 06:51:38'),
(327, 'Lucas Brown', 'lucas_brown', 'lucas.brown@example.com', 'dddd', 'Adventure lover and cyclist', 'default.png', 'Chicago, USA', '2024-12-07 06:51:38'),
(328, 'Ava Perez', 'ava_perez', 'ava.perez@example.com', 'dddd', 'Food blogger and chef', 'default.png', 'Austin, USA', '2024-12-07 06:51:38'),
(329, 'Elijah Thompson', 'elijah_thompson', 'elijah.thompson@example.com', 'dddd', 'Musician and singer-songwriter', 'default.png', 'London, UK', '2024-12-07 06:51:38'),
(330, 'Mia Scott', 'mia_scott', 'mia.scott@example.com', 'dddd', 'Yoga enthusiast and wellness coach', 'default.png', 'Berlin, Germany', '2024-12-07 06:51:38'),
(331, 'Charlotte Torres', 'charlotte_torres', 'charlotte.torres@example.com', 'dddd', 'Digital artist and creator', 'default.png', 'Rome, Italy', '2024-12-07 06:51:38'),
(332, 'Henry White', 'henry_white', 'henry.white@example.com', 'dddd', 'Tech enthusiast and developer', 'default.png', 'Sydney, Australia', '2024-12-07 06:51:38'),
(333, 'Olivia Harris', 'olivia_harris', 'olivia.harris@example.com', 'dddd', 'Creative designer and artist', 'default.png', 'New York, USA', '2024-12-07 06:51:38'),
(334, 'Ethan Baker', 'ethan_baker', 'ethan.baker@example.com', 'dddd', 'Sports lover and coach', 'default.png', 'Vancouver, Canada', '2024-12-07 06:51:38'),
(335, 'Ava Taylor', 'ava_taylor', 'ava.taylor@example.com', 'dddd', 'Fitness enthusiast and yoga coach', 'default.png', 'Los Angeles, USA', '2024-12-07 06:51:38'),
(336, 'Harper Wilson', 'harper_wilson', 'harper.wilson@example.com', 'dddd', 'Travel photographer and explorer', 'default.png', 'San Francisco, USA', '2024-12-07 06:51:38'),
(337, 'Lucas Young', 'lucas_young', 'lucas.young@example.com', 'dddd', 'Cyclist and outdoor enthusiast', 'default.png', 'Chicago, USA', '2024-12-07 06:51:38'),
(338, 'Emma Clark', 'emma_clark', 'emma.clark@example.com', 'dddd', 'Writer and passionate reader', 'default.png', 'Austin, USA', '2024-12-07 06:51:38'),
(339, 'Liam Torres', 'liam_torres', 'liam.torres@example.com', 'dddd', 'Tech entrepreneur and software innovator', 'default.png', 'London, UK', '2024-12-07 06:51:38'),
(340, 'Sophia Harris', 'sophia_harris', 'sophia.harris@example.com', 'dddd', 'Yoga coach and fitness trainer', 'default.png', 'Berlin, Germany', '2024-12-07 06:51:38'),
(341, 'Isabella Martinez', 'isabella_martinez', 'isabella.martinez@example.com', 'dddd', 'Fashion blogger and influencer', 'default.png', 'Paris, France', '2024-12-07 06:51:38'),
(342, 'James White', 'james_white', 'james.white@example.com', 'dddd', 'Nature photographer and artist', 'default.png', 'Sydney, Australia', '2024-12-07 06:51:38'),
(343, 'Amelia Young', 'amelia_young', 'amelia.young@example.com', 'dddd', 'Creative storyteller and writer', 'default.png', 'New York, USA', '2024-12-07 06:51:38'),
(344, 'Charlotte Wright', 'charlotte_wright', 'charlotte.wright@example.com', 'dddd', 'Fitness trainer and adventure seeker', 'default.png', 'Vancouver, Canada', '2024-12-07 06:51:38'),
(345, 'Lucas Rodriguez', 'lucas_rodriguez', 'lucas.rodriguez@example.com', 'dddd', 'Digital marketer and entrepreneur', 'default.png', 'Los Angeles, USA', '2024-12-07 06:51:38'),
(346, 'Ava Johnson', 'ava_johnson', 'ava.johnson@example.com', 'dddd', 'Travel explorer and food critic', 'default.png', 'San Francisco, USA', '2024-12-07 06:51:38'),
(347, 'Elijah Allen', 'elijah_allen', 'elijah.allen@example.com', 'dddd', 'Musician and creative artist', 'default.png', 'Chicago, USA', '2024-12-07 06:51:38'),
(348, 'Isabella Torres', 'isabella_torres', 'isabella.torres@example.com', 'dddd', 'Fashion designer and stylist', 'default.png', 'Austin, USA', '2024-12-07 06:51:38'),
(349, 'James Baker', 'james_baker', 'james.baker@example.com', 'dddd', 'Tech innovator and software developer', 'default.png', 'London, UK', '2024-12-07 06:51:38'),
(350, 'Sophia Clark', 'sophia_clark', 'sophia.clark@example.com', 'dddd', 'Wellness coach and yoga enthusiast', 'default.png', 'Berlin, Germany', '2024-12-07 06:51:38'),
(353, 'Sain Saburaj', 'sain', 'sain@example.com', 'ssss', '', 'default.png', 'New York, USA', '2024-12-10 06:49:59');

-- --------------------------------------------------------

--
-- Table structure for table `user_blocks`
--

CREATE TABLE `user_blocks` (
  `id` bigint(20) NOT NULL,
  `blocked_by` bigint(20) DEFAULT NULL,
  `blocked_user` bigint(20) DEFAULT NULL,
  `created_at` timestamp NOT NULL DEFAULT current_timestamp()
) ENGINE=InnoDB DEFAULT CHARSET=utf8mb4 COLLATE=utf8mb4_general_ci;

-- --------------------------------------------------------

--
-- Table structure for table `user_selections`
--

CREATE TABLE `user_selections` (
  `id` bigint(20) NOT NULL,
  `user_id` bigint(20) DEFAULT NULL,
  `option_id` bigint(20) DEFAULT NULL
) ENGINE=InnoDB DEFAULT CHARSET=utf8mb4 COLLATE=utf8mb4_general_ci;

--
-- Dumping data for table `user_selections`
--

INSERT INTO `user_selections` (`id`, `user_id`, `option_id`) VALUES
(89, 258, 27),
(90, 258, 28),
(91, 258, 9),
(92, 258, 10),
(93, 258, 15),
(94, 259, 15),
(95, 259, 17),
(96, 259, 16),
(97, 259, 10),
(98, 259, 33),
(99, 260, 12),
(100, 260, 13),
(101, 260, 14),
(102, 260, 6),
(103, 260, 18),
(104, 261, 21),
(105, 261, 23),
(106, 261, 22),
(107, 261, 24),
(108, 261, 7),
(109, 262, 17),
(110, 262, 27),
(111, 262, 29),
(112, 262, 19),
(113, 262, 30),
(114, 263, 30),
(115, 263, 31),
(116, 263, 32),
(117, 263, 15),
(118, 263, 33),
(119, 264, 12),
(120, 264, 13),
(121, 264, 14),
(122, 264, 18),
(123, 264, 9),
(124, 265, 15),
(125, 265, 16),
(126, 265, 6),
(127, 265, 18),
(128, 265, 33),
(129, 266, 27),
(130, 266, 28),
(131, 266, 29),
(132, 266, 12),
(133, 266, 19),
(134, 267, 24),
(135, 267, 25),
(136, 267, 28),
(137, 267, 9),
(138, 267, 7),
(139, 268, 15),
(140, 268, 9),
(141, 268, 27),
(142, 268, 16),
(143, 268, 12),
(144, 269, 18),
(145, 269, 19),
(146, 269, 6),
(147, 269, 13),
(148, 269, 14),
(149, 270, 19),
(150, 270, 16),
(151, 270, 15),
(152, 270, 24),
(153, 270, 9),
(154, 271, 27),
(155, 271, 29),
(156, 271, 9),
(157, 271, 15),
(158, 271, 12),
(159, 272, 24),
(160, 272, 25),
(161, 272, 15),
(162, 272, 6),
(163, 272, 9),
(164, 273, 30),
(165, 273, 31),
(166, 273, 32),
(167, 273, 15),
(168, 273, 17),
(169, 274, 17),
(170, 274, 19),
(171, 274, 27),
(172, 274, 30),
(173, 274, 31),
(174, 275, 21),
(175, 275, 23),
(176, 275, 22),
(177, 275, 7),
(178, 275, 6),
(179, 276, 15),
(180, 276, 16),
(181, 276, 33),
(182, 276, 12),
(183, 276, 7),
(184, 277, 15),
(185, 277, 16),
(186, 277, 19),
(187, 277, 12),
(188, 277, 13),
(189, 278, 17),
(190, 278, 19),
(191, 278, 30),
(192, 278, 32),
(193, 278, 27),
(194, 279, 15),
(195, 279, 16),
(196, 279, 6),
(197, 279, 18),
(198, 279, 19),
(199, 280, 24),
(200, 280, 25),
(201, 280, 30),
(202, 280, 32),
(203, 280, 15),
(204, 281, 21),
(205, 281, 23),
(206, 281, 22),
(207, 281, 7),
(208, 281, 16),
(209, 282, 15),
(210, 282, 16),
(211, 282, 19),
(212, 282, 12),
(213, 282, 18),
(214, 283, 30),
(215, 283, 31),
(216, 283, 32),
(217, 283, 15),
(218, 283, 17),
(219, 284, 24),
(220, 284, 25),
(221, 284, 27),
(222, 284, 29),
(223, 284, 15),
(224, 285, 18),
(225, 285, 19),
(226, 285, 12),
(227, 285, 14),
(228, 285, 6),
(229, 286, 9),
(230, 286, 10),
(231, 286, 15),
(232, 286, 33),
(233, 286, 12),
(234, 287, 15),
(235, 287, 27),
(236, 287, 28),
(237, 287, 29),
(238, 287, 9),
(239, 288, 17),
(240, 288, 19),
(241, 288, 30),
(242, 288, 32),
(243, 288, 27),
(244, 289, 24),
(245, 289, 25),
(246, 289, 9),
(247, 289, 15),
(248, 289, 16),
(249, 290, 27),
(250, 290, 29),
(251, 290, 9),
(252, 290, 12),
(253, 290, 15),
(254, 291, 9),
(255, 291, 15),
(256, 291, 10),
(257, 291, 33),
(258, 291, 18),
(259, 292, 15),
(260, 292, 16),
(261, 292, 6),
(262, 292, 12),
(263, 292, 33),
(264, 293, 16),
(265, 293, 24),
(266, 293, 1),
(267, 293, 4),
(268, 293, 11),
(269, 294, 16),
(270, 294, 15),
(271, 294, 34),
(272, 294, 11),
(273, 294, 5),
(274, 295, 13),
(275, 295, 12),
(276, 295, 14),
(277, 295, 10),
(278, 295, 6),
(279, 296, 17),
(280, 296, 16),
(281, 296, 32),
(282, 296, 31),
(283, 296, 14),
(284, 297, 21),
(285, 297, 22),
(286, 297, 2),
(287, 297, 1),
(288, 297, 4),
(289, 298, 21),
(290, 298, 23),
(291, 298, 22),
(292, 298, 16),
(293, 298, 1),
(294, 299, 15),
(295, 299, 20),
(296, 299, 33),
(297, 299, 8),
(298, 299, 7),
(299, 300, 16),
(300, 300, 34),
(301, 300, 11),
(302, 300, 10),
(303, 300, 5),
(304, 301, 16),
(305, 301, 15),
(306, 301, 33),
(307, 301, 34),
(308, 301, 8),
(309, 302, 17),
(310, 302, 32),
(311, 302, 31),
(312, 302, 30),
(313, 302, 7),
(314, 303, 2),
(315, 303, 9),
(316, 303, 27),
(317, 303, 29),
(318, 303, 28),
(319, 304, 17),
(320, 304, 16),
(321, 304, 15),
(322, 304, 32),
(323, 304, 8),
(324, 305, 16),
(325, 305, 15),
(326, 305, 33),
(327, 305, 11),
(328, 305, 10),
(329, 306, 31),
(330, 306, 30),
(331, 306, 3),
(332, 306, 9),
(333, 306, 28),
(334, 307, 17),
(335, 307, 16),
(336, 307, 32),
(337, 307, 31),
(338, 307, 14),
(339, 308, 17),
(340, 308, 16),
(341, 308, 32),
(342, 308, 2),
(343, 308, 1),
(344, 309, 13),
(345, 309, 12),
(346, 309, 14),
(347, 309, 33),
(348, 309, 6),
(349, 310, 16),
(350, 310, 15),
(351, 310, 33),
(352, 310, 11),
(353, 310, 5),
(354, 311, 21),
(355, 311, 23),
(356, 311, 22),
(357, 311, 2),
(358, 311, 1),
(359, 312, 30),
(360, 312, 14),
(361, 312, 27),
(362, 312, 29),
(363, 312, 28),
(364, 313, 16),
(365, 313, 34),
(366, 313, 11),
(367, 313, 10),
(368, 313, 5),
(369, 314, 15),
(370, 314, 14),
(371, 314, 33),
(372, 314, 25),
(373, 314, 5),
(374, 315, 24),
(375, 315, 2),
(376, 315, 9),
(377, 315, 27),
(378, 315, 28),
(379, 316, 17),
(380, 316, 16),
(381, 316, 32),
(382, 316, 31),
(383, 316, 14),
(384, 317, 17),
(385, 317, 16),
(386, 317, 32),
(387, 317, 31),
(388, 317, 8),
(389, 318, 17),
(390, 318, 16),
(391, 318, 32),
(392, 318, 31),
(393, 318, 30),
(394, 319, 13),
(395, 319, 12),
(396, 319, 14),
(397, 319, 6),
(398, 319, 8),
(399, 320, 21),
(400, 320, 23),
(401, 320, 22),
(402, 320, 26),
(403, 320, 2),
(404, 321, 24),
(405, 321, 2),
(406, 321, 1),
(407, 321, 27),
(408, 321, 29),
(409, 322, 17),
(410, 322, 16),
(411, 322, 32),
(412, 322, 1),
(413, 322, 7),
(414, 323, 16),
(415, 323, 15),
(416, 323, 34),
(417, 323, 11),
(418, 323, 5),
(419, 324, 34),
(420, 324, 11),
(421, 324, 10),
(422, 324, 5),
(423, 324, 6),
(424, 325, 17),
(425, 325, 16),
(426, 325, 32),
(427, 325, 31),
(428, 325, 7),
(429, 326, 24),
(430, 326, 2),
(431, 326, 3),
(432, 326, 27),
(433, 326, 29),
(434, 327, 25),
(435, 327, 4),
(436, 327, 10),
(437, 327, 27),
(438, 327, 28),
(439, 328, 17),
(440, 328, 32),
(441, 328, 31),
(442, 328, 30),
(443, 328, 7),
(444, 329, 13),
(445, 329, 12),
(446, 329, 14),
(447, 329, 11),
(448, 329, 6),
(449, 330, 17),
(450, 330, 16),
(451, 330, 32),
(452, 330, 34),
(453, 330, 10),
(454, 331, 21),
(455, 331, 22),
(456, 331, 15),
(457, 331, 18),
(458, 331, 33),
(459, 332, 16),
(460, 332, 15),
(461, 332, 33),
(462, 332, 25),
(463, 332, 8),
(464, 333, 21),
(465, 333, 23),
(466, 333, 22),
(467, 333, 16),
(468, 333, 2),
(469, 334, 17),
(470, 334, 16),
(471, 334, 32),
(472, 334, 31),
(473, 334, 8),
(474, 335, 17),
(475, 335, 16),
(476, 335, 32),
(477, 335, 34),
(478, 335, 8),
(479, 336, 25),
(480, 336, 2),
(481, 336, 4),
(482, 336, 29),
(483, 336, 28),
(484, 337, 25),
(485, 337, 4),
(486, 337, 3),
(487, 337, 10),
(488, 337, 28),
(489, 338, 16),
(490, 338, 34),
(491, 338, 11),
(492, 338, 10),
(493, 338, 5),
(494, 339, 16),
(495, 339, 15),
(496, 339, 33),
(497, 339, 25),
(498, 339, 10),
(499, 340, 17),
(500, 340, 16),
(501, 340, 32),
(502, 340, 31),
(503, 340, 8),
(504, 341, 17),
(505, 341, 16),
(506, 341, 32),
(507, 341, 1),
(508, 341, 7),
(509, 342, 23),
(510, 342, 22),
(511, 342, 24),
(512, 342, 2),
(513, 342, 29),
(514, 343, 34),
(515, 343, 11),
(516, 343, 10),
(517, 343, 5),
(518, 343, 6),
(519, 344, 17),
(520, 344, 16),
(521, 344, 32),
(522, 344, 27),
(523, 344, 29),
(524, 345, 16),
(525, 345, 15),
(526, 345, 33),
(527, 345, 11),
(528, 345, 5),
(529, 346, 31),
(530, 346, 30),
(531, 346, 9),
(532, 346, 27),
(533, 346, 29),
(534, 347, 21),
(535, 347, 23),
(536, 347, 22),
(537, 347, 12),
(538, 347, 14),
(539, 348, 16),
(540, 348, 15),
(541, 348, 32),
(542, 348, 1),
(543, 348, 7),
(544, 349, 16),
(545, 349, 15),
(546, 349, 33),
(547, 349, 10),
(548, 349, 8),
(549, 350, 17),
(550, 350, 16),
(551, 350, 32),
(552, 350, 31),
(553, 350, 8),
(560, 353, 22),
(561, 353, 18),
(562, 353, 24),
(563, 353, 1),
(564, 353, 27);

--
-- Indexes for dumped tables
--

--
-- Indexes for table `admin`
--
ALTER TABLE `admin`
  ADD PRIMARY KEY (`id`),
  ADD UNIQUE KEY `username` (`username`),
  ADD UNIQUE KEY `email` (`email`);

--
-- Indexes for table `categories`
--
ALTER TABLE `categories`
  ADD PRIMARY KEY (`id`),
  ADD UNIQUE KEY `category_name` (`category_name`);

--
-- Indexes for table `comments`
--
ALTER TABLE `comments`
  ADD PRIMARY KEY (`id`),
  ADD KEY `user_id` (`user_id`),
  ADD KEY `post_id` (`post_id`);

--
-- Indexes for table `complaints`
--
ALTER TABLE `complaints`
  ADD PRIMARY KEY (`id`),
  ADD KEY `user_id` (`user_id`);

--
-- Indexes for table `follows`
--
ALTER TABLE `follows`
  ADD PRIMARY KEY (`id`),
  ADD KEY `follower_id` (`follower_id`),
  ADD KEY `followed_id` (`followed_id`);

--
-- Indexes for table `likes`
--
ALTER TABLE `likes`
  ADD PRIMARY KEY (`id`),
  ADD KEY `user_id` (`user_id`),
  ADD KEY `post_id` (`post_id`);

--
-- Indexes for table `messages`
--
ALTER TABLE `messages`
  ADD PRIMARY KEY (`id`),
  ADD KEY `sender_id` (`sender_id`),
  ADD KEY `receiver_id` (`receiver_id`);

--
-- Indexes for table `options`
--
ALTER TABLE `options`
  ADD PRIMARY KEY (`id`),
  ADD KEY `category_id` (`category_id`);

--
-- Indexes for table `posts`
--
ALTER TABLE `posts`
  ADD PRIMARY KEY (`id`),
  ADD KEY `user_id` (`user_id`);

--
-- Indexes for table `reports`
--
ALTER TABLE `reports`
  ADD PRIMARY KEY (`id`),
  ADD KEY `reported_by` (`reported_by`),
  ADD KEY `reported_user` (`reported_user`);

--
-- Indexes for table `saved_posts`
--
ALTER TABLE `saved_posts`
  ADD PRIMARY KEY (`id`),
  ADD KEY `user_id` (`user_id`),
  ADD KEY `post_id` (`post_id`);

--
-- Indexes for table `shares`
--
ALTER TABLE `shares`
  ADD PRIMARY KEY (`id`),
  ADD KEY `from_user_id` (`from_user_id`),
  ADD KEY `to_user_id` (`to_user_id`),
  ADD KEY `post_id` (`post_id`);

--
-- Indexes for table `users`
--
ALTER TABLE `users`
  ADD PRIMARY KEY (`id`),
  ADD UNIQUE KEY `username` (`username`),
  ADD UNIQUE KEY `email` (`email`);

--
-- Indexes for table `user_blocks`
--
ALTER TABLE `user_blocks`
  ADD PRIMARY KEY (`id`),
  ADD KEY `blocked_by` (`blocked_by`),
  ADD KEY `blocked_user` (`blocked_user`);

--
-- Indexes for table `user_selections`
--
ALTER TABLE `user_selections`
  ADD PRIMARY KEY (`id`),
  ADD KEY `user_id` (`user_id`),
  ADD KEY `option_id` (`option_id`);

--
-- AUTO_INCREMENT for dumped tables
--

--
-- AUTO_INCREMENT for table `admin`
--
ALTER TABLE `admin`
  MODIFY `id` bigint(20) NOT NULL AUTO_INCREMENT, AUTO_INCREMENT=2;

--
-- AUTO_INCREMENT for table `categories`
--
ALTER TABLE `categories`
  MODIFY `id` bigint(20) NOT NULL AUTO_INCREMENT, AUTO_INCREMENT=12;

--
-- AUTO_INCREMENT for table `comments`
--
ALTER TABLE `comments`
  MODIFY `id` bigint(20) NOT NULL AUTO_INCREMENT, AUTO_INCREMENT=130;

--
-- AUTO_INCREMENT for table `complaints`
--
ALTER TABLE `complaints`
  MODIFY `id` bigint(20) NOT NULL AUTO_INCREMENT, AUTO_INCREMENT=5;

--
-- AUTO_INCREMENT for table `follows`
--
ALTER TABLE `follows`
  MODIFY `id` bigint(20) NOT NULL AUTO_INCREMENT, AUTO_INCREMENT=50026;

--
-- AUTO_INCREMENT for table `likes`
--
ALTER TABLE `likes`
  MODIFY `id` bigint(20) NOT NULL AUTO_INCREMENT, AUTO_INCREMENT=137;

--
-- AUTO_INCREMENT for table `messages`
--
ALTER TABLE `messages`
  MODIFY `id` bigint(20) NOT NULL AUTO_INCREMENT, AUTO_INCREMENT=33;

--
-- AUTO_INCREMENT for table `options`
--
ALTER TABLE `options`
  MODIFY `id` bigint(20) NOT NULL AUTO_INCREMENT, AUTO_INCREMENT=35;

--
-- AUTO_INCREMENT for table `posts`
--
ALTER TABLE `posts`
  MODIFY `id` bigint(20) NOT NULL AUTO_INCREMENT, AUTO_INCREMENT=362;

--
-- AUTO_INCREMENT for table `reports`
--
ALTER TABLE `reports`
  MODIFY `id` bigint(20) NOT NULL AUTO_INCREMENT, AUTO_INCREMENT=3;

--
-- AUTO_INCREMENT for table `saved_posts`
--
ALTER TABLE `saved_posts`
  MODIFY `id` bigint(20) NOT NULL AUTO_INCREMENT, AUTO_INCREMENT=45;

--
-- AUTO_INCREMENT for table `shares`
--
ALTER TABLE `shares`
  MODIFY `id` bigint(20) NOT NULL AUTO_INCREMENT, AUTO_INCREMENT=10;

--
-- AUTO_INCREMENT for table `users`
--
ALTER TABLE `users`
  MODIFY `id` bigint(20) NOT NULL AUTO_INCREMENT, AUTO_INCREMENT=354;

--
-- AUTO_INCREMENT for table `user_blocks`
--
ALTER TABLE `user_blocks`
  MODIFY `id` bigint(20) NOT NULL AUTO_INCREMENT, AUTO_INCREMENT=7;

--
-- AUTO_INCREMENT for table `user_selections`
--
ALTER TABLE `user_selections`
  MODIFY `id` bigint(20) NOT NULL AUTO_INCREMENT, AUTO_INCREMENT=565;

--
-- Constraints for dumped tables
--

--
-- Constraints for table `comments`
--
ALTER TABLE `comments`
  ADD CONSTRAINT `comments_fk_post_id` FOREIGN KEY (`post_id`) REFERENCES `posts` (`id`) ON DELETE CASCADE,
  ADD CONSTRAINT `comments_fk_user_id` FOREIGN KEY (`user_id`) REFERENCES `users` (`id`) ON DELETE CASCADE;

--
-- Constraints for table `complaints`
--
ALTER TABLE `complaints`
  ADD CONSTRAINT `complaints_fk_user_id` FOREIGN KEY (`user_id`) REFERENCES `users` (`id`) ON DELETE CASCADE;

--
-- Constraints for table `follows`
--
ALTER TABLE `follows`
  ADD CONSTRAINT `follows_fk_followed_id` FOREIGN KEY (`followed_id`) REFERENCES `users` (`id`) ON DELETE CASCADE,
  ADD CONSTRAINT `follows_fk_follower_id` FOREIGN KEY (`follower_id`) REFERENCES `users` (`id`) ON DELETE CASCADE;

--
-- Constraints for table `likes`
--
ALTER TABLE `likes`
  ADD CONSTRAINT `likes_fk_post_id` FOREIGN KEY (`post_id`) REFERENCES `posts` (`id`) ON DELETE CASCADE,
  ADD CONSTRAINT `likes_fk_user_id` FOREIGN KEY (`user_id`) REFERENCES `users` (`id`) ON DELETE CASCADE;

--
-- Constraints for table `messages`
--
ALTER TABLE `messages`
  ADD CONSTRAINT `messages_fk_receiver_id` FOREIGN KEY (`receiver_id`) REFERENCES `users` (`id`) ON DELETE CASCADE,
  ADD CONSTRAINT `messages_fk_sender_id` FOREIGN KEY (`sender_id`) REFERENCES `users` (`id`) ON DELETE CASCADE;

--
-- Constraints for table `options`
--
ALTER TABLE `options`
  ADD CONSTRAINT `options_ibfk_1` FOREIGN KEY (`category_id`) REFERENCES `categories` (`id`) ON DELETE CASCADE;

--
-- Constraints for table `posts`
--
ALTER TABLE `posts`
  ADD CONSTRAINT `posts_ibfk_1` FOREIGN KEY (`user_id`) REFERENCES `users` (`id`) ON DELETE CASCADE;

--
-- Constraints for table `reports`
--
ALTER TABLE `reports`
  ADD CONSTRAINT `reports_fk_reported_by` FOREIGN KEY (`reported_by`) REFERENCES `users` (`id`) ON DELETE CASCADE,
  ADD CONSTRAINT `reports_fk_reported_user` FOREIGN KEY (`reported_user`) REFERENCES `users` (`id`) ON DELETE CASCADE;

--
-- Constraints for table `saved_posts`
--
ALTER TABLE `saved_posts`
  ADD CONSTRAINT `saved_posts_fk_post_id` FOREIGN KEY (`post_id`) REFERENCES `posts` (`id`) ON DELETE CASCADE,
  ADD CONSTRAINT `saved_posts_fk_user_id` FOREIGN KEY (`user_id`) REFERENCES `users` (`id`) ON DELETE CASCADE;

--
-- Constraints for table `shares`
--
ALTER TABLE `shares`
  ADD CONSTRAINT `shares_fk_from_user_id` FOREIGN KEY (`from_user_id`) REFERENCES `users` (`id`) ON DELETE CASCADE,
  ADD CONSTRAINT `shares_fk_post_id` FOREIGN KEY (`post_id`) REFERENCES `posts` (`id`) ON DELETE CASCADE,
  ADD CONSTRAINT `shares_fk_to_user_id` FOREIGN KEY (`to_user_id`) REFERENCES `users` (`id`) ON DELETE CASCADE;

--
-- Constraints for table `user_blocks`
--
ALTER TABLE `user_blocks`
  ADD CONSTRAINT `user_blocks_fk_blocked_by` FOREIGN KEY (`blocked_by`) REFERENCES `users` (`id`) ON DELETE CASCADE,
  ADD CONSTRAINT `user_blocks_fk_blocked_user` FOREIGN KEY (`blocked_user`) REFERENCES `users` (`id`) ON DELETE CASCADE;

--
-- Constraints for table `user_selections`
--
ALTER TABLE `user_selections`
  ADD CONSTRAINT `user_selections_ibfk_1` FOREIGN KEY (`user_id`) REFERENCES `users` (`id`) ON DELETE CASCADE,
  ADD CONSTRAINT `user_selections_ibfk_2` FOREIGN KEY (`option_id`) REFERENCES `options` (`id`) ON DELETE CASCADE;
COMMIT;

/*!40101 SET CHARACTER_SET_CLIENT=@OLD_CHARACTER_SET_CLIENT */;
/*!40101 SET CHARACTER_SET_RESULTS=@OLD_CHARACTER_SET_RESULTS */;
/*!40101 SET COLLATION_CONNECTION=@OLD_COLLATION_CONNECTION */;
